{"cameraMode":{"drawMode":0,"name":"Shaded","section":"Shading Mode"},"sceneLighting":false,"audioPlay":false,"sceneViewState":{"showFog":true,"showMaterialUpdate":false,"showSkybox":false,"showFlares":true,"showImageEffects":true,"showParticleSystems":true},"in2DMode":false,"pivot":{"x":0.029514756053686143,"y":0.03075629658997059,"z":-0.028782574459910394},"rotation":{"x":-0.006579178385436535,"y":-0.9928252100944519,"z":0.06501913070678711,"w":-0.10013651847839356},"size":0.5493469834327698,"orthographic":false}