{"cameraMode":{"drawMode":0,"name":"Shaded","section":"Shading Mode"},"sceneLighting":false,"audioPlay":false,"sceneViewState":{"showFog":true,"showMaterialUpdate":false,"showSkybox":false,"showFlares":true,"showImageEffects":true,"showParticleSystems":true},"in2DMode":false,"pivot":{"x":0.024885181337594987,"y":-0.028696857392787935,"z":-0.005534835159778595},"rotation":{"x":0.08128335326910019,"y":0.11298061907291413,"z":-0.00925398152321577,"w":0.9902236461639404},"size":0.24862033128738404,"orthographic":false}