{"cameraMode":{"drawMode":0,"name":"Shaded","section":"Shading Mode"},"sceneLighting":true,"audioPlay":false,"sceneViewState":{"showFog":true,"showMaterialUpdate":false,"showSkybox":false,"showFlares":true,"showImageEffects":true,"showParticleSystems":true},"in2DMode":false,"pivot":{"x":-0.03852510452270508,"y":0.059038639068603519,"z":-0.010054588317871094},"rotation":{"x":0.04523646831512451,"y":-0.9544892907142639,"z":0.21996550261974336,"w":0.19626262784004212},"size":40.010372161865237,"orthographic":false}