{"cameraMode":{"drawMode":0,"name":"Shaded","section":"Shading Mode"},"sceneLighting":true,"audioPlay":false,"sceneViewState":{"showFog":true,"showMaterialUpdate":false,"showSkybox":false,"showFlares":true,"showImageEffects":true,"showParticleSystems":true},"in2DMode":false,"pivot":{"x":-0.03852510452270508,"y":0.059038639068603519,"z":-0.010054588317871094},"rotation":{"x":-0.0325809046626091,"y":-0.9357544183731079,"z":0.3394588828086853,"w":-0.08983253687620163},"size":31.782602310180665,"orthographic":false}