{"cameraMode":{"drawMode":0,"name":"Shaded","section":"Shading Mode"},"sceneLighting":false,"audioPlay":false,"sceneViewState":{"showFog":true,"showMaterialUpdate":false,"showSkybox":false,"showFlares":true,"showImageEffects":true,"showParticleSystems":true},"in2DMode":false,"pivot":{"x":30.26023292541504,"y":1.6209216117858887,"z":10.69373893737793},"rotation":{"x":0.00983824860304594,"y":-0.9890333414077759,"z":0.12528130412101746,"w":0.07759450376033783},"size":9.136345863342286,"orthographic":false}