{"cameraMode":{"drawMode":0,"name":"Shaded","section":"Shading Mode"},"sceneLighting":false,"audioPlay":false,"sceneViewState":{"showFog":true,"showMaterialUpdate":false,"showSkybox":false,"showFlares":true,"showImageEffects":true,"showParticleSystems":true},"in2DMode":false,"pivot":{"x":31.536848068237306,"y":-0.0875171422958374,"z":20.39764976501465},"rotation":{"x":-0.00571259343996644,"y":0.9942362904548645,"z":-0.08011030405759812,"w":-0.07102056592702866},"size":4.880324840545654,"orthographic":false}