{"cameraMode":{"drawMode":0,"name":"Shaded","section":"Shading Mode"},"sceneLighting":false,"audioPlay":false,"sceneViewState":{"showFog":true,"showMaterialUpdate":false,"showSkybox":false,"showFlares":true,"showImageEffects":true,"showParticleSystems":true},"in2DMode":false,"pivot":{"x":0.0,"y":0.04758000373840332,"z":-3.725290298461914e-9},"rotation":{"x":-0.050335194915533069,"y":0.9496434330940247,"z":-0.21825319528579713,"w":-0.2191103994846344},"size":0.22540974617004395,"orthographic":false}