{"cameraMode":{"drawMode":0,"name":"Shaded","section":"Shading Mode"},"sceneLighting":false,"audioPlay":false,"sceneViewState":{"showFog":true,"showMaterialUpdate":false,"showSkybox":false,"showFlares":true,"showImageEffects":true,"showParticleSystems":true},"in2DMode":false,"pivot":{"x":-40.93302917480469,"y":-29.62779998779297,"z":64.34217834472656},"rotation":{"x":-0.029749182984232904,"y":-0.968370795249939,"z":0.14190270006656648,"w":-0.20306821167469026},"size":436.22491455078127,"orthographic":false}