{"cameraMode":{"drawMode":0,"name":"Shaded","section":"Shading Mode"},"sceneLighting":false,"audioPlay":false,"sceneViewState":{"showFog":true,"showMaterialUpdate":false,"showSkybox":false,"showFlares":true,"showImageEffects":true,"showParticleSystems":true},"in2DMode":false,"pivot":{"x":-0.00008885003626346588,"y":0.020698774605989457,"z":0.014469810761511326},"rotation":{"x":-0.039148375391960147,"y":0.8595900535583496,"z":-0.06667931377887726,"w":-0.5051001906394959},"size":0.17489652335643769,"orthographic":false}