{"cameraMode":{"drawMode":0,"name":"Shaded","section":"Shading Mode"},"sceneLighting":false,"audioPlay":false,"sceneViewState":{"showFog":true,"showMaterialUpdate":false,"showSkybox":false,"showFlares":true,"showImageEffects":true,"showParticleSystems":true},"in2DMode":false,"pivot":{"x":0.02414085902273655,"y":0.051516927778720859,"z":0.10715892910957337},"rotation":{"x":0.13329622149467469,"y":-0.6953029632568359,"z":0.13365449011325837,"w":0.6934857368469238},"size":0.32873159646987917,"orthographic":false}