{"cameraMode":{"drawMode":0,"name":"Shaded","section":"Shading Mode"},"sceneLighting":false,"audioPlay":false,"sceneViewState":{"showFog":true,"showMaterialUpdate":false,"showSkybox":false,"showFlares":true,"showImageEffects":true,"showParticleSystems":true},"in2DMode":false,"pivot":{"x":-0.00008885003626346588,"y":0.02069876901805401,"z":0.014469810761511326},"rotation":{"x":-0.1229790598154068,"y":-0.4726610481739044,"z":0.066775381565094,"w":-0.8700624704360962},"size":0.1748965084552765,"orthographic":false}