{"cameraMode":{"drawMode":0,"name":"Shaded","section":"Shading Mode"},"sceneLighting":false,"audioPlay":false,"sceneViewState":{"showFog":true,"showMaterialUpdate":false,"showSkybox":false,"showFlares":true,"showImageEffects":true,"showParticleSystems":true},"in2DMode":false,"pivot":{"x":31.914243698120118,"y":0.2608095705509186,"z":24.679019927978517},"rotation":{"x":-0.11034747958183289,"y":-0.647120475769043,"z":0.095413938164711,"w":-0.7483012676239014},"size":0.3630000650882721,"orthographic":false}