{"cameraMode":{"drawMode":0,"name":"Shaded","section":"Shading Mode"},"sceneLighting":false,"audioPlay":false,"sceneViewState":{"showFog":true,"showMaterialUpdate":false,"showSkybox":false,"showFlares":true,"showImageEffects":true,"showParticleSystems":true},"in2DMode":false,"pivot":{"x":33.02938461303711,"y":0.2583772540092468,"z":22.036571502685548},"rotation":{"x":-0.000287446950096637,"y":0.9993414878845215,"z":-0.008395296521484852,"w":-0.035301703959703448},"size":1.9126050472259522,"orthographic":false}