{"cameraMode":{"drawMode":0,"name":"Shaded","section":"Shading Mode"},"sceneLighting":false,"audioPlay":false,"sceneViewState":{"showFog":true,"showMaterialUpdate":false,"showSkybox":false,"showFlares":true,"showImageEffects":true,"showParticleSystems":true},"in2DMode":false,"pivot":{"x":31.745330810546876,"y":0.5883927941322327,"z":24.49481201171875},"rotation":{"x":-0.006757271010428667,"y":0.9921470284461975,"z":-0.10847460478544235,"w":-0.061902787536382678},"size":4.284222602844238,"orthographic":false}