{"cameraMode":{"drawMode":0,"name":"Shaded","section":"Shading Mode"},"sceneLighting":false,"audioPlay":false,"sceneViewState":{"showFog":true,"showMaterialUpdate":false,"showSkybox":false,"showFlares":true,"showImageEffects":true,"showParticleSystems":true},"in2DMode":false,"pivot":{"x":-0.022413812577724458,"y":3.026798367500305e-9,"z":-0.003066048724576831},"rotation":{"x":-0.0325809046626091,"y":-0.9357544183731079,"z":0.3394588828086853,"w":-0.08983253687620163},"size":0.03476175293326378,"orthographic":false}