{"cameraMode":{"drawMode":0,"name":"Shaded","section":"Shading Mode"},"sceneLighting":false,"audioPlay":false,"sceneViewState":{"showFog":true,"showMaterialUpdate":false,"showSkybox":false,"showFlares":true,"showImageEffects":true,"showParticleSystems":true},"in2DMode":false,"pivot":{"x":35.210453033447269,"y":-0.568124532699585,"z":24.904495239257814},"rotation":{"x":-0.0325809046626091,"y":-0.9357544183731079,"z":0.3394588828086853,"w":-0.08983253687620163},"size":11.150544166564942,"orthographic":false}