{"cameraMode":{"drawMode":0,"name":"Shaded","section":"Shading Mode"},"sceneLighting":false,"audioPlay":false,"sceneViewState":{"showFog":true,"showMaterialUpdate":false,"showSkybox":false,"showFlares":true,"showImageEffects":true,"showParticleSystems":true},"in2DMode":false,"pivot":{"x":-0.00008885562419891357,"y":0.020699769258499147,"z":0.01447024941444397},"rotation":{"x":-0.039148375391960147,"y":0.8595900535583496,"z":-0.06667931377887726,"w":-0.5051001906394959},"size":0.6803435683250427,"orthographic":false}