{"cameraMode":{"drawMode":0,"name":"Shaded","section":"Shading Mode"},"sceneLighting":false,"audioPlay":false,"sceneViewState":{"showFog":true,"showMaterialUpdate":false,"showSkybox":false,"showFlares":true,"showImageEffects":true,"showParticleSystems":true},"in2DMode":false,"pivot":{"x":-0.022413799539208413,"y":4.0978193283081057e-8,"z":0.03625556826591492},"rotation":{"x":-0.17631106078624726,"y":0.6855393648147583,"z":-0.1767345815896988,"w":-0.6838970184326172},"size":0.4517417848110199,"orthographic":false}