{"cameraMode":{"drawMode":0,"name":"Shaded","section":"Shading Mode"},"sceneLighting":false,"audioPlay":false,"sceneViewState":{"showFog":true,"showMaterialUpdate":false,"showSkybox":false,"showFlares":true,"showImageEffects":true,"showParticleSystems":true},"in2DMode":false,"pivot":{"x":32.63999938964844,"y":0.3700000047683716,"z":22.65999984741211},"rotation":{"x":-0.0325809046626091,"y":-0.9357544183731079,"z":0.3394588828086853,"w":-0.08983253687620163},"size":0.821506917476654,"orthographic":false}