{"cameraMode":{"drawMode":0,"name":"Shaded","section":"Shading Mode"},"sceneLighting":false,"audioPlay":false,"sceneViewState":{"showFog":true,"showMaterialUpdate":false,"showSkybox":false,"showFlares":true,"showImageEffects":true,"showParticleSystems":true},"in2DMode":false,"pivot":{"x":0.0098477303981781,"y":-0.054901961237192157,"z":0.2596854865550995},"rotation":{"x":-0.15253670513629914,"y":-0.09817523509263993,"z":0.015209079720079899,"w":-0.9832919239997864},"size":0.4147242307662964,"orthographic":false}