{"cameraMode":{"drawMode":0,"name":"Shaded","section":"Shading Mode"},"sceneLighting":false,"audioPlay":false,"sceneViewState":{"showFog":true,"showMaterialUpdate":false,"showSkybox":false,"showFlares":true,"showImageEffects":true,"showParticleSystems":true},"in2DMode":false,"pivot":{"x":-0.11749187111854553,"y":0.12374992668628693,"z":0.2318044751882553},"rotation":{"x":-0.11773549020290375,"y":0.09014598280191422,"z":-0.010725202038884163,"w":-0.988886833190918},"size":0.106035977602005,"orthographic":false}