{"cameraMode":{"drawMode":0,"name":"Shaded","section":"Shading Mode"},"sceneLighting":true,"audioPlay":false,"sceneViewState":{"showFog":true,"showMaterialUpdate":false,"showSkybox":false,"showFlares":true,"showImageEffects":true,"showParticleSystems":true},"in2DMode":false,"pivot":{"x":0.0,"y":-0.005987479351460934,"z":0.004171214997768402},"rotation":{"x":-0.0325809046626091,"y":-0.9357544183731079,"z":0.3394588828086853,"w":-0.08983253687620163},"size":22.758167266845704,"orthographic":false}